{
    "joint_accuracy": 0.5914740387966082,
    "act_rec": 0.9555116738297131,
    "act_prec": 0.9555116738297131,
    "act_f1": 0.9555116738297131,
    "act_f1_stderr": 0.0022221055180933324,
    "slot_rec": 0.8807539682539682,
    "slot_prec": 0.9106575033336752,
    "slot_f1": 0.8954561500832114,
    "slot_f1_stderr": 0.003064887764995135,
    "request_slot_rec": 0.8822708236389019,
    "request_slot_prec": 0.9333005168594635,
    "request_slot_f1": 0.9070685324721924,
    "request_slot_f1_stderr": 0.0044467564540546616,
    "object_rec": 0.6214186369958276,
    "object_prec": 0.876078431372549,
    "object_f1": 0.7270951993490643,
    "object_f1_stderr": 0.005504546170648508
}