{"joint_accuracy": 0.5192602191070798, "act_rec": 0.9603015667334197, "act_prec": 0.9614341313834178, "act_f1": 0.9608675153229608, "act_f1_stderr": 0.0021051777370470004, "slot_rec": 0.861284289276808, "slot_prec": 0.8792829107881617, "slot_f1": 0.8701905411789408, "slot_f1_stderr": 0.0034415565562192097, "request_slot_rec": 0.8720367682631833, "request_slot_prec": 0.9231754161331626, "request_slot_f1": 0.8968777211095906, "request_slot_f1_stderr": 0.004759015629524884, "object_rec": 0.4382628441669032, "object_prec": 0.4470826697553207, "object_f1": 0.44262882534222026, "object_f1_stderr": 0.005946616085582366}