{"joint_accuracy": 0.06961950759806809, "act_rec": 0.3120508893862646, "act_prec": 0.9460714285714286, "act_f1": 0.469306404464523, "act_f1_stderr": 0.006212353858975353, "slot_rec": 0.024314214463840397, "slot_prec": 0.7722772277227723, "slot_f1": 0.04714415231187669, "slot_f1_stderr": 0.0029961838683807483, "request_slot_rec": 0.29196903725205614, "request_slot_prec": 0.9334880123743233, "request_slot_f1": 0.44481297217615634, "request_slot_f1_stderr": 0.008993255363486214, "object_rec": 0.1565427192733466, "object_prec": 0.3740250932519498, "object_f1": 0.22071035517758883, "object_f1_stderr": 0.005853888378333251}